-- Auto-generated by seed-tracker.ts
-- Source: /Users/klas.ehnemark/Github/plyknot-workspace/research/project/tracker
-- Generated: 2026-04-23T08:06:50.623Z

DELETE FROM tracker_issues;
DELETE FROM tracker_themes;
DELETE FROM tracker_categories;

INSERT INTO tracker_categories (slug, label, sort_order) VALUES ('plyknot-com', 'Plyknot.com', 0);
INSERT INTO tracker_categories (slug, label, sort_order) VALUES ('research-lab', 'Research Lab', 1);
INSERT INTO tracker_categories (slug, label, sort_order) VALUES ('cybernetics', 'Cybernetics', 2);
INSERT INTO tracker_categories (slug, label, sort_order) VALUES ('plyknot-org', 'Plyknot.org', 3);
INSERT INTO tracker_categories (slug, label, sort_order) VALUES ('research', 'Research', 4);
INSERT INTO tracker_categories (slug, label, sort_order) VALUES ('ip-legal', 'IP & Legal', 5);
INSERT INTO tracker_categories (slug, label, sort_order) VALUES ('other', 'Other', 6);

INSERT INTO tracker_themes (id, category_slug, title, sort_order) VALUES ('plyknot-com/platform', 'plyknot-com', 'Platform', 0);
INSERT INTO tracker_themes (id, category_slug, title, sort_order) VALUES ('plyknot-com/website', 'plyknot-com', 'Website', 1);
INSERT INTO tracker_themes (id, category_slug, title, sort_order) VALUES ('research-lab/agents', 'research-lab', 'Agents', 0);
INSERT INTO tracker_themes (id, category_slug, title, sort_order) VALUES ('research-lab/commercial', 'research-lab', 'Commercial', 1);
INSERT INTO tracker_themes (id, category_slug, title, sort_order) VALUES ('research-lab/extraction', 'research-lab', 'Extraction', 2);
INSERT INTO tracker_themes (id, category_slug, title, sort_order) VALUES ('research-lab/factory', 'research-lab', 'Factory', 3);
INSERT INTO tracker_themes (id, category_slug, title, sort_order) VALUES ('research-lab/infrastructure', 'research-lab', 'Infrastructure', 4);
INSERT INTO tracker_themes (id, category_slug, title, sort_order) VALUES ('plyknot-org/core', 'plyknot-org', 'Core', 0);
INSERT INTO tracker_themes (id, category_slug, title, sort_order) VALUES ('plyknot-org/hub', 'plyknot-org', 'Hub', 1);
INSERT INTO tracker_themes (id, category_slug, title, sort_order) VALUES ('plyknot-org/website', 'plyknot-org', 'Website', 2);
INSERT INTO tracker_themes (id, category_slug, title, sort_order) VALUES ('research/canvas-architecture', 'research', 'Canvas Architecture', 0);
INSERT INTO tracker_themes (id, category_slug, title, sort_order) VALUES ('research/experiments', 'research', 'Experiments', 1);
INSERT INTO tracker_themes (id, category_slug, title, sort_order) VALUES ('research/flagship-paper', 'research', 'Flagship Paper', 2);
INSERT INTO tracker_themes (id, category_slug, title, sort_order) VALUES ('research/llm-benchmark', 'research', 'Llm Benchmark', 3);
INSERT INTO tracker_themes (id, category_slug, title, sort_order) VALUES ('research/protein-pipeline', 'research', 'Protein Pipeline', 4);
INSERT INTO tracker_themes (id, category_slug, title, sort_order) VALUES ('research/satellite-1-cxr', 'research', 'S1 CXR', 5);
INSERT INTO tracker_themes (id, category_slug, title, sort_order) VALUES ('research/satellite-2-text', 'research', 'S2 Text', 6);
INSERT INTO tracker_themes (id, category_slug, title, sort_order) VALUES ('research/satellite-3-materials', 'research', 'S3 Materials', 7);
INSERT INTO tracker_themes (id, category_slug, title, sort_order) VALUES ('research/satellite-4-alphafold', 'research', 'S4 AlphaFold', 8);
INSERT INTO tracker_themes (id, category_slug, title, sort_order) VALUES ('research/satellite-5-emergence', 'research', 'S5 Emergence', 9);
INSERT INTO tracker_themes (id, category_slug, title, sort_order) VALUES ('research/satellite-6', 'research', 'S6 Clustering', 10);
INSERT INTO tracker_themes (id, category_slug, title, sort_order) VALUES ('ip-legal/company', 'ip-legal', 'Company', 0);
INSERT INTO tracker_themes (id, category_slug, title, sort_order) VALUES ('ip-legal/patent', 'ip-legal', 'Patent', 1);
INSERT INTO tracker_themes (id, category_slug, title, sort_order) VALUES ('other/grants', 'other', 'Grants', 0);
INSERT INTO tracker_themes (id, category_slug, title, sort_order) VALUES ('other/infrastructure', 'other', 'Infrastructure', 1);
INSERT INTO tracker_themes (id, category_slug, title, sort_order) VALUES ('other/outreach', 'other', 'Outreach', 2);
INSERT INTO tracker_themes (id, category_slug, title, sort_order) VALUES ('other/uncategorized', 'other', 'Uncategorized', 3);

INSERT INTO tracker_issues (id, theme_id, title, priority, status, target_date, sort_order, created_by) VALUES ('trk-seed-0000', 'plyknot-com/platform', 'Coordinator dashboard at extraction.plyknot.com', 'P2', 'todo', NULL, 0, 'seed');
INSERT INTO tracker_issues (id, theme_id, title, priority, status, target_date, sort_order, created_by) VALUES ('trk-seed-0001', 'plyknot-com/platform', 'Per-model attribute-table side panel with provenance citations (model card URL, ablation-paper DOI)', 'P2', 'todo', '2026-12-15', 1, 'seed');
INSERT INTO tracker_issues (id, theme_id, title, priority, status, target_date, sort_order, created_by) VALUES ('trk-seed-0002', 'plyknot-com/platform', 'Pre-registered-vs-observed overlay on convergence-map grid: show predicted vs confirmed divergences', 'P2', 'todo', '2026-12-31', 2, 'seed');
INSERT INTO tracker_issues (id, theme_id, title, priority, status, target_date, sort_order, created_by) VALUES ('trk-seed-0003', 'research-lab/agents', 'Apply Test 1 + Experiment A pilot patch to canvas-architecture-design.md — SUPERSEDED by round-2 + final patches (both done)', 'P0', 'done', '2026-04-30', 0, 'seed');
INSERT INTO tracker_issues (id, theme_id, title, priority, status, target_date, sort_order, created_by) VALUES ('trk-seed-0004', 'research-lab/agents', 'Agent policy auto-merge (calibration threshold 0.85, tag contract, GH Action)', 'P1', 'todo', '2026-08-15', 1, 'seed');
INSERT INTO tracker_issues (id, theme_id, title, priority, status, target_date, sort_order, created_by) VALUES ('trk-seed-0005', 'research-lab/agents', 'Batch 2 pedagogical deployment: Satellite 2 §4.5, Satellite 4 V2 plan, Satellite 5 Intro, plyknot-com-architecture, submission-architecture-v2', 'P1', 'todo', '2026-05-31', 2, 'seed');
INSERT INTO tracker_issues (id, theme_id, title, priority, status, target_date, sort_order, created_by) VALUES ('trk-seed-0006', 'research-lab/agents', 'Model-release watcher: daemon polling vendor public model lists, opening PR on new-model detection', 'P1', 'todo', '2026-11-30', 3, 'seed');
INSERT INTO tracker_issues (id, theme_id, title, priority, status, target_date, sort_order, created_by) VALUES ('trk-seed-0007', 'research-lab/agents', '~~Three-vendor judge ensemble smoke-test~~ — SUPERSEDED by §9.4 LLM-as-Judge elimination. Replaced by structural_query + critic_ensemble (both implemented)', 'P1', 'done', NULL, 4, 'seed');
INSERT INTO tracker_issues (id, theme_id, title, priority, status, target_date, sort_order, created_by) VALUES ('trk-seed-0008', 'research-lab/agents', 'Update agent configuration prompts at plyknot-com/agents/prompts/ to match new substrate-independence specification', 'P1', 'todo', '2026-05-15', 5, 'seed');
INSERT INTO tracker_issues (id, theme_id, title, priority, status, target_date, sort_order, created_by) VALUES ('trk-seed-0009', 'research-lab/agents', 'Agent trust-weight tracking loop', 'P2', 'todo', NULL, 6, 'seed');
INSERT INTO tracker_issues (id, theme_id, title, priority, status, target_date, sort_order, created_by) VALUES ('trk-seed-0010', 'research-lab/agents', 'Cognitive-variance attribute documentation for flagship models (Claude, GPT, Gemini families)', 'P2', 'todo', '2026-09-30', 7, 'seed');
INSERT INTO tracker_issues (id, theme_id, title, priority, status, target_date, sort_order, created_by) VALUES ('trk-seed-0011', 'research-lab/agents', 'Cognitive-variance measurement methodology: extended-prompt variance analysis protocol across flagship models', 'P2', 'todo', '2026-09-30', 8, 'seed');
INSERT INTO tracker_issues (id, theme_id, title, priority, status, target_date, sort_order, created_by) VALUES ('trk-seed-0012', 'research-lab/agents', 'Role-specific routing empirical validation: benchmark high-variance vs moderate-variance Proposer on novel-hypothesis generation tasks', 'P2', 'todo', '2026-09-30', 9, 'seed');
INSERT INTO tracker_issues (id, theme_id, title, priority, status, target_date, sort_order, created_by) VALUES ('trk-seed-0013', 'research-lab/agents', 'VLM Critic for extraction figures (stage-2, optional)', 'P2', 'todo', NULL, 10, 'seed');
INSERT INTO tracker_issues (id, theme_id, title, priority, status, target_date, sort_order, created_by) VALUES ('trk-seed-0014', 'research-lab/agents', 'Test 5 hygiene: arousal label correction in canvas-architecture-design.md + single-LLM point-to-point framing caveat in delta reanalysis', '-', 'done', NULL, 11, 'seed');
INSERT INTO tracker_issues (id, theme_id, title, priority, status, target_date, sort_order, created_by) VALUES ('trk-seed-0015', 'research-lab/agents', 'Agent-roster specification epistemic-level-conditioning refinement to plyknot-com-architecture.md: corrected after Test M partial validation: alignment dominates all levels (no scaling); Claude + GPT is substrate-independent for general content; Claude + Gemini for chemical-string extraction', 'P0', 'done', '2026-04-30', 12, 'seed');
INSERT INTO tracker_issues (id, theme_id, title, priority, status, target_date, sort_order, created_by) VALUES ('trk-seed-0016', 'research-lab/agents', 'canvas-architecture-design.md Gemini round-2 correction patch: §9.1 signifier canonicalization; §4.4 Imputed Dark Matter within-vendor validation refined; §4.2 alignment method elevated to first-class dependency', 'P0', 'done', '2026-04-30', 13, 'seed');
INSERT INTO tracker_issues (id, theme_id, title, priority, status, target_date, sort_order, created_by) VALUES ('trk-seed-0017', 'research-lab/agents', 'canvas-architecture-design.md final patch (Test M + round-3): §9.3 role-specific agent routing, §9.4 LLM-as-Judge replacement, §4.2 cognitive variance, §12 scorecard update', 'P0', 'done', '2026-04-30', 14, 'seed');
INSERT INTO tracker_issues (id, theme_id, title, priority, status, target_date, sort_order, created_by) VALUES ('trk-seed-0018', 'research-lab/agents', 'plyknot-com-architecture.md final agent-roster patch: role-specific routing across five axes; LLM Judge eliminated; coupling-map-as-judge pattern with structural queries and critic-ensembles', 'P0', 'done', '2026-04-30', 15, 'seed');
INSERT INTO tracker_issues (id, theme_id, title, priority, status, target_date, sort_order, created_by) VALUES ('trk-seed-0019', 'research-lab/agents', 'Coupling-map-as-judge pattern implementation: structural_query.py + critic_ensemble.py replacing judge.py in Layer 3 code', 'P1', 'done', '2026-06-15', 16, 'seed');
INSERT INTO tracker_issues (id, theme_id, title, priority, status, target_date, sort_order, created_by) VALUES ('trk-seed-0020', 'research-lab/agents', 'Critic-ensemble design with disagreement preservation: two-or-three critics with diverse cognitive-variance profiles, explicit ambiguity-marker output for disagreement', 'P1', 'done', '2026-07-31', 17, 'seed');
INSERT INTO tracker_issues (id, theme_id, title, priority, status, target_date, sort_order, created_by) VALUES ('trk-seed-0021', 'research-lab/agents', 'StructuralQuery compilation: translate natural-language Proposer-Critic disagreements into structured coupling-map queries (candidate mechanism: predicate decomposition extended to disagreement statements)', 'P1', 'done', '2026-07-31', 18, 'seed');
INSERT INTO tracker_issues (id, theme_id, title, priority, status, target_date, sort_order, created_by) VALUES ('trk-seed-0022', 'research-lab/agents', 'canvas-architecture-design.md correction patch: add tokenizer to §4.2, Telescoping Fission to §8.2, Epistemic Ricochet as deferred opening, open-items for disambiguation tests', 'P1', 'done', '2026-04-30', 19, 'seed');
INSERT INTO tracker_issues (id, theme_id, title, priority, status, target_date, sort_order, created_by) VALUES ('trk-seed-0023', 'research-lab/commercial', 'First epistemological audit consulting engagement', 'P0', 'todo', '2026-10-31', 0, 'seed');
INSERT INTO tracker_issues (id, theme_id, title, priority, status, target_date, sort_order, created_by) VALUES ('trk-seed-0024', 'research-lab/commercial', 'Echo Chamber Map web UI on plyknot.com', 'P1', 'todo', '2026-08-31', 1, 'seed');
INSERT INTO tracker_issues (id, theme_id, title, priority, status, target_date, sort_order, created_by) VALUES ('trk-seed-0025', 'research-lab/commercial', 'First Echo-Chamber Surveillance report for a pharma customer', 'P1', 'todo', NULL, 2, 'seed');
INSERT INTO tracker_issues (id, theme_id, title, priority, status, target_date, sort_order, created_by) VALUES ('trk-seed-0026', 'research-lab/commercial', 'Commercial product 2: pre-deployment LLM reliability certification template (EU AI Act Article 15)', 'P2', 'todo', '2027-04-15', 3, 'seed');
INSERT INTO tracker_issues (id, theme_id, title, priority, status, target_date, sort_order, created_by) VALUES ('trk-seed-0027', 'research-lab/commercial', 'Commercial product 3: sensitivity-dictionary consulting template and pricing', 'P2', 'todo', '2027-04-30', 4, 'seed');
INSERT INTO tracker_issues (id, theme_id, title, priority, status, target_date, sort_order, created_by) VALUES ('trk-seed-0028', 'research-lab/commercial', 'Consulting-to-SaaS conversions', 'P2', 'todo', '2027-12-31', 5, 'seed');
INSERT INTO tracker_issues (id, theme_id, title, priority, status, target_date, sort_order, created_by) VALUES ('trk-seed-0029', 'research-lab/commercial', 'Customer deliverable templates (audit report, convergence report, CXR evaluator)', 'P2', 'todo', NULL, 6, 'seed');
INSERT INTO tracker_issues (id, theme_id, title, priority, status, target_date, sort_order, created_by) VALUES ('trk-seed-0030', 'research-lab/commercial', 'plyknot.com commercial platform launch (paid batch API, private hubs, teams)', 'P1', 'todo', '2027-03-31', 7, 'seed');
INSERT INTO tracker_issues (id, theme_id, title, priority, status, target_date, sort_order, created_by) VALUES ('trk-seed-0031', 'research-lab/commercial', 'First private hub deployment (enterprise customer)', 'P2', 'todo', '2027-06-30', 8, 'seed');
INSERT INTO tracker_issues (id, theme_id, title, priority, status, target_date, sort_order, created_by) VALUES ('trk-seed-0032', 'research-lab/extraction', 'Continue research: Text as instrument (extraction pipeline, CFG integration, coupling-map calibration)', 'P0', 'todo', NULL, 0, 'seed');
INSERT INTO tracker_issues (id, theme_id, title, priority, status, target_date, sort_order, created_by) VALUES ('trk-seed-0033', 'research-lab/extraction', 'Autonomous Extraction pipeline — Scout, Extractor, Grounder, Validator, Archivist', 'P2', 'todo', NULL, 1, 'seed');
INSERT INTO tracker_issues (id, theme_id, title, priority, status, target_date, sort_order, created_by) VALUES ('trk-seed-0034', 'research-lab/extraction', 'Commercial product 1: domain-specialized benchmark engagement template (pharma extraction focus)', 'P2', 'todo', '2027-03-31', 2, 'seed');
INSERT INTO tracker_issues (id, theme_id, title, priority, status, target_date, sort_order, created_by) VALUES ('trk-seed-0035', 'research-lab/extraction', 'Contextual-enrichment canonicalization stage (semantic equivalence beyond normalized edit distance)', 'P1', 'todo', '2026-06-30', 3, 'seed');
INSERT INTO tracker_issues (id, theme_id, title, priority, status, target_date, sort_order, created_by) VALUES ('trk-seed-0036', 'research-lab/extraction', 'Canonicalization Gate 2 tolerance calibration study (15% relative-tolerance produced 1/20 false fusion)', 'P1', 'todo', '2026-06-15', 4, 'seed');
INSERT INTO tracker_issues (id, theme_id, title, priority, status, target_date, sort_order, created_by) VALUES ('trk-seed-0037', 'research-lab/extraction', 'Generation-aware canonicalization framework — documentation on why fixed label-pattern rules fail across model updates', 'P2', 'todo', '2026-08-31', 5, 'seed');
INSERT INTO tracker_issues (id, theme_id, title, priority, status, target_date, sort_order, created_by) VALUES ('trk-seed-0038', 'research-lab/extraction', 'Signifier canonicalization implementation: three-gate check (string proximity + coupling-value identity + source-context) between extraction and Phenomenological Canvas ingestion; prevents tokenizer-induced false Fission', 'P0', 'done', '2026-05-31', 6, 'seed');
INSERT INTO tracker_issues (id, theme_id, title, priority, status, target_date, sort_order, created_by) VALUES ('trk-seed-0039', 'research-lab/extraction', 'Experiment A pre-screen methodology — reusable for future multi-paper corpus selection', 'P1', 'done', NULL, 7, 'seed');
INSERT INTO tracker_issues (id, theme_id, title, priority, status, target_date, sort_order, created_by) VALUES ('trk-seed-0040', 'research-lab/extraction', 'Contextual-enrichment canonicalization stage (semantic equivalence beyond normalized edit distance)', 'P1', 'done', '2026-06-30', 8, 'seed');
INSERT INTO tracker_issues (id, theme_id, title, priority, status, target_date, sort_order, created_by) VALUES ('trk-seed-0041', 'research-lab/extraction', 'Canonicalization Gate 2 tolerance calibration study (15% relative-tolerance produced 1/20 false fusion)', 'P1', 'done', '2026-06-15', 9, 'seed');
INSERT INTO tracker_issues (id, theme_id, title, priority, status, target_date, sort_order, created_by) VALUES ('trk-seed-0042', 'research-lab/extraction', 'Token-limit auto-scaling for extraction pipeline (prevent Claude truncation on high-density papers)', 'P2', 'done', '2026-05-15', 10, 'seed');
INSERT INTO tracker_issues (id, theme_id, title, priority, status, target_date, sort_order, created_by) VALUES ('trk-seed-0043', 'research-lab/extraction', 'Generation-aware canonicalization framework — documentation on why fixed label-pattern rules fail across model updates', 'P2', 'done', '2026-08-31', 11, 'seed');
INSERT INTO tracker_issues (id, theme_id, title, priority, status, target_date, sort_order, created_by) VALUES ('trk-seed-0044', 'research-lab/factory', '[Epic] Cowork-ready prototype — all factory primitives invokable from Claude Cowork', 'P0', 'doing', NULL, 0, 'seed');
INSERT INTO tracker_issues (id, theme_id, title, priority, status, target_date, sort_order, created_by) VALUES ('trk-seed-0045', 'research-lab/factory', 'Cowork-driven prototype on AlphaFold binding-site crack', 'P0', 'todo', NULL, 1, 'seed');
INSERT INTO tracker_issues (id, theme_id, title, priority, status, target_date, sort_order, created_by) VALUES ('trk-seed-0046', 'research-lab/factory', 'Discovery Factory — agent orchestration infrastructure', 'P1', 'todo', '2027-03-31', 2, 'seed');
INSERT INTO tracker_issues (id, theme_id, title, priority, status, target_date, sort_order, created_by) VALUES ('trk-seed-0047', 'research-lab/factory', 'Discovery Factory: first autonomous crack resolution', 'P1', 'todo', '2027-09-30', 3, 'seed');
INSERT INTO tracker_issues (id, theme_id, title, priority, status, target_date, sort_order, created_by) VALUES ('trk-seed-0048', 'research-lab/factory', 'Factory planner: canonical cost schema on experiments ({days, usd, compute_hours})', 'P1', 'todo', NULL, 4, 'seed');
INSERT INTO tracker_issues (id, theme_id, title, priority, status, target_date, sort_order, created_by) VALUES ('trk-seed-0049', 'research-lab/factory', 'Factory planner: fix aggregation tree semantics — sibling of replications, not child of one', 'P1', 'todo', NULL, 5, 'seed');
INSERT INTO tracker_issues (id, theme_id, title, priority, status, target_date, sort_order, created_by) VALUES ('trk-seed-0050', 'research-lab/factory', 'Factory planner: support multi-parent aggregation (parent_node_ids[] or combines[] edge type)', 'P1', 'todo', NULL, 6, 'seed');
INSERT INTO tracker_issues (id, theme_id, title, priority, status, target_date, sort_order, created_by) VALUES ('trk-seed-0051', 'research-lab/factory', 'Factory planner: validate parent_node_id belongs to same hypothesis_id', 'P1', 'todo', NULL, 7, 'seed');
INSERT INTO tracker_issues (id, theme_id, title, priority, status, target_date, sort_order, created_by) VALUES ('trk-seed-0052', 'research-lab/factory', 'Factory tournament: add win_count/loss_count fields to list_hypotheses response', 'P1', 'todo', NULL, 8, 'seed');
INSERT INTO tracker_issues (id, theme_id, title, priority, status, target_date, sort_order, created_by) VALUES ('trk-seed-0053', 'research-lab/factory', 'Role-specific agent routing implementation: five-axis routing for six canonical roles (Extractor, Proposer, Critic, Planner, Judge→structural-query, Archivist)', 'P1', 'todo', '2026-06-15', 9, 'seed');
INSERT INTO tracker_issues (id, theme_id, title, priority, status, target_date, sort_order, created_by) VALUES ('trk-seed-0054', 'research-lab/factory', 'Versioned agent role prompts (Proposer, Critic, Judge, Planner, Extractor, Writer, Archivist)', 'P1', 'todo', NULL, 10, 'seed');
INSERT INTO tracker_issues (id, theme_id, title, priority, status, target_date, sort_order, created_by) VALUES ('trk-seed-0055', 'research-lab/factory', 'Wolfram API agent for Discovery Factory (mathematical/logical crack verification, triage-gated)', 'P1', 'todo', '2027-03-31', 11, 'seed');
INSERT INTO tracker_issues (id, theme_id, title, priority, status, target_date, sort_order, created_by) VALUES ('trk-seed-0056', 'research-lab/factory', '[Epic] Full automation — Supervisor-driven factory with automated rendering', 'P1', 'todo', NULL, 12, 'seed');
INSERT INTO tracker_issues (id, theme_id, title, priority, status, target_date, sort_order, created_by) VALUES ('trk-seed-0057', 'research-lab/factory', 'Cost metering and per-crack budget enforcement', 'P2', 'todo', NULL, 13, 'seed');
INSERT INTO tracker_issues (id, theme_id, title, priority, status, target_date, sort_order, created_by) VALUES ('trk-seed-0058', 'research-lab/factory', 'Factory planner: add sort_order=creation_asc option to list_experiments for topological tree traversal', 'P2', 'todo', NULL, 14, 'seed');
INSERT INTO tracker_issues (id, theme_id, title, priority, status, target_date, sort_order, created_by) VALUES ('trk-seed-0059', 'research-lab/factory', 'Factory tournament: flag contested pairs (confidence < 0.65) for ensemble priority routing', 'P2', 'todo', NULL, 15, 'seed');
INSERT INTO tracker_issues (id, theme_id, title, priority, status, target_date, sort_order, created_by) VALUES ('trk-seed-0060', 'research-lab/factory', 'Factory tournament: rebalance criteria weighting — delta-first ranking approximates sort-by-delta', 'P2', 'todo', NULL, 16, 'seed');
INSERT INTO tracker_issues (id, theme_id, title, priority, status, target_date, sort_order, created_by) VALUES ('trk-seed-0061', 'research-lab/factory', 'First satellite paper rendered via Automated Rendering Pass 1', 'P1', 'todo', NULL, 17, 'seed');
INSERT INTO tracker_issues (id, theme_id, title, priority, status, target_date, sort_order, created_by) VALUES ('trk-seed-0062', 'research-lab/factory', 'No-new-claims validator for rendered papers', 'P1', 'todo', NULL, 18, 'seed');
INSERT INTO tracker_issues (id, theme_id, title, priority, status, target_date, sort_order, created_by) VALUES ('trk-seed-0063', 'research-lab/factory', 'Automated Rendering Pass 2 — narrative glue with constrained LLM Writer', 'P2', 'todo', NULL, 19, 'seed');
INSERT INTO tracker_issues (id, theme_id, title, priority, status, target_date, sort_order, created_by) VALUES ('trk-seed-0064', 'research-lab/factory', 'Meta-review textual-gradient loop', 'P2', 'todo', NULL, 20, 'seed');
INSERT INTO tracker_issues (id, theme_id, title, priority, status, target_date, sort_order, created_by) VALUES ('trk-seed-0065', 'research-lab/factory', 'Factory planner: first-class instrument_cluster field (enum or registry) for two-cluster rule', 'P2', 'todo', NULL, 21, 'seed');
INSERT INTO tracker_issues (id, theme_id, title, priority, status, target_date, sort_order, created_by) VALUES ('trk-seed-0066', 'research-lab/factory', '~~Factory tournament: wire second judge vendor~~ — SUPERSEDED by §9.4: judge role eliminated, replaced by dispute resolution (structural query + critic ensemble). Supervisor wired with multi-vendor critic dispatch.', 'P1', 'done', NULL, 22, 'seed');
INSERT INTO tracker_issues (id, theme_id, title, priority, status, target_date, sort_order, created_by) VALUES ('trk-seed-0067', 'research-lab/factory', 'Orchestration engine — Supervisor + typed task queue — DONE: 7-step loop (propose → dispute → plan → execute → critique → delta → archive) + extraction + surveillance pipelines + 24 D1 tables', 'P1', 'done', NULL, 23, 'seed');
INSERT INTO tracker_issues (id, theme_id, title, priority, status, target_date, sort_order, created_by) VALUES ('trk-seed-0068', 'research-lab/factory', 'Layer 3 Phase 3: agents/ package — extractor, proposer, critic, planner, archivist role primitives + LLMClient protocol', '-', 'done', NULL, 24, 'seed');
INSERT INTO tracker_issues (id, theme_id, title, priority, status, target_date, sort_order, created_by) VALUES ('trk-seed-0069', 'research-lab/infrastructure', 'Auto-merge GH Action: tag calibrated submissions using trust-weight scores', 'P1', 'todo', '2026-08-15', 0, 'seed');
INSERT INTO tracker_issues (id, theme_id, title, priority, status, target_date, sort_order, created_by) VALUES ('trk-seed-0070', 'research-lab/infrastructure', 'Forced-call safety tools: StructuralAbsenceCheck + EchoChamberCheck', 'P1', 'todo', NULL, 1, 'seed');
INSERT INTO tracker_issues (id, theme_id, title, priority, status, target_date, sort_order, created_by) VALUES ('trk-seed-0071', 'research-lab/infrastructure', 'Versioned benchmark archive: prior-run comparisons at /llm-comparison/archive/YYYY-MM-DD', 'P1', 'todo', '2026-11-30', 2, 'seed');
INSERT INTO tracker_issues (id, theme_id, title, priority, status, target_date, sort_order, created_by) VALUES ('trk-seed-0072', 'research-lab/infrastructure', 'Make promote-embargo.py fully functional', 'P2', 'todo', NULL, 3, 'seed');
INSERT INTO tracker_issues (id, theme_id, title, priority, status, target_date, sort_order, created_by) VALUES ('trk-seed-0073', 'research-lab/infrastructure', 'Seed first five failure-graph entries for AlphaFold binding-site crack', 'P1', 'done', NULL, 4, 'seed');
INSERT INTO tracker_issues (id, theme_id, title, priority, status, target_date, sort_order, created_by) VALUES ('trk-seed-0074', 'plyknot-org/core', 'Investigate residual cross-vendor clustering beyond surface string variants — extraction-scope divergence confirmed; candidate mechanisms: inclusion criteria, numeric precision, assay classification, upper-bound handling', '-', 'todo', NULL, 0, 'seed');
INSERT INTO tracker_issues (id, theme_id, title, priority, status, target_date, sort_order, created_by) VALUES ('trk-seed-0075', 'plyknot-org/core', 'pip install plyknot on PyPI under AGPL', 'P0', 'todo', '2026-05-15', 1, 'seed');
INSERT INTO tracker_issues (id, theme_id, title, priority, status, target_date, sort_order, created_by) VALUES ('trk-seed-0076', 'plyknot-org/core', 'Add CI drift check: validate-python.yml runs export-registry.py --check on PRs', 'P1', 'todo', '2026-04-30', 2, 'seed');
INSERT INTO tracker_issues (id, theme_id, title, priority, status, target_date, sort_order, created_by) VALUES ('trk-seed-0077', 'plyknot-org/core', 'AlphaFold V2 rerun with registry IDs + multi-property benchmarks', 'P1', 'todo', '2026-06-30', 3, 'seed');
INSERT INTO tracker_issues (id, theme_id, title, priority, status, target_date, sort_order, created_by) VALUES ('trk-seed-0078', 'plyknot-org/core', 'Create universe/scripts/export-registry.py (Python→JSON mirror, --check flag, partition field)', 'P1', 'todo', '2026-04-30', 4, 'seed');
INSERT INTO tracker_issues (id, theme_id, title, priority, status, target_date, sort_order, created_by) VALUES ('trk-seed-0079', 'plyknot-org/core', 'Fission geometry rendering and lobe-mass computation at production scale', 'P1', 'todo', '2026-07-31', 5, 'seed');
INSERT INTO tracker_issues (id, theme_id, title, priority, status, target_date, sort_order, created_by) VALUES ('trk-seed-0080', 'plyknot-org/core', 'Push initial universe/data/ content to populate D1 via rebuild pipeline', 'P1', 'todo', '2026-04-30', 6, 'seed');
INSERT INTO tracker_issues (id, theme_id, title, priority, status, target_date, sort_order, created_by) VALUES ('trk-seed-0081', 'plyknot-org/core', 'Shear detector implementation (phenomenological vs epistemic trajectory comparison)', 'P1', 'todo', '2026-08-31', 7, 'seed');
INSERT INTO tracker_issues (id, theme_id, title, priority, status, target_date, sort_order, created_by) VALUES ('trk-seed-0082', 'plyknot-org/core', 'Update dependencies.json mirror: add partition field, sync with 65 baseline entries from registry.py', 'P1', 'todo', '2026-04-25', 8, 'seed');
INSERT INTO tracker_issues (id, theme_id, title, priority, status, target_date, sort_order, created_by) VALUES ('trk-seed-0083', 'plyknot-org/core', 'Production-scale tensor decomposition (canvas construction at 99.99% sparsity)', 'P2', 'todo', '2026-12-31', 9, 'seed');
INSERT INTO tracker_issues (id, theme_id, title, priority, status, target_date, sort_order, created_by) VALUES ('trk-seed-0084', 'plyknot-org/core', 'Retroactive LLM calibration accumulator (per-horizon-breach calibration notes on LLM measurers)', 'P2', 'todo', '2026-12-31', 10, 'seed');
INSERT INTO tracker_issues (id, theme_id, title, priority, status, target_date, sort_order, created_by) VALUES ('trk-seed-0085', 'plyknot-org/core', 'Wire registry export into release process (checklist or GH Action on tag push)', 'P2', 'todo', '2026-05-15', 11, 'seed');
INSERT INTO tracker_issues (id, theme_id, title, priority, status, target_date, sort_order, created_by) VALUES ('trk-seed-0086', 'plyknot-org/core', 'Token-limit auto-scaling for extraction pipeline (prevent recurrence of Claude truncation bug)', 'P2', 'todo', '2026-05-15', 12, 'seed');
INSERT INTO tracker_issues (id, theme_id, title, priority, status, target_date, sort_order, created_by) VALUES ('trk-seed-0087', 'plyknot-org/core', 'Canonicalization validation on Experiment A pilot — §9.1 empirical grounding (H1 PASS, H2 PARTIAL 1/20, H3 FAIL: clustering survives canonicalization)', '-', 'done', NULL, 13, 'seed');
INSERT INTO tracker_issues (id, theme_id, title, priority, status, target_date, sort_order, created_by) VALUES ('trk-seed-0088', 'plyknot-org/core', 'Extraction-scope asymmetry analysis: identifier-vs-descriptor label-register divergence named as mechanism (p=0.0001), 22 cross-set same-compound pairs confirmed', '-', 'done', NULL, 14, 'seed');
INSERT INTO tracker_issues (id, theme_id, title, priority, status, target_date, sort_order, created_by) VALUES ('trk-seed-0089', 'plyknot-org/core', 'Layer 3 Phase 1: phone_book.py signifier resolution + substrate/ vendor dependency declarations (BPE/SentencePiece/alignment)', '-', 'done', NULL, 15, 'seed');
INSERT INTO tracker_issues (id, theme_id, title, priority, status, target_date, sort_order, created_by) VALUES ('trk-seed-0090', 'plyknot-org/core', 'Layer 3 Phase 2: query.py natural-language coupling-map query + concept_distance.py two-text comparison + monitors.py invariant monitoring', '-', 'done', NULL, 16, 'seed');
INSERT INTO tracker_issues (id, theme_id, title, priority, status, target_date, sort_order, created_by) VALUES ('trk-seed-0091', 'plyknot-org/core', 'Within-vendor Dark Matter §4.4 test coverage: 8 tests verifying within-vendor node overlap and cross-vendor independence', '-', 'done', NULL, 17, 'seed');
INSERT INTO tracker_issues (id, theme_id, title, priority, status, target_date, sort_order, created_by) VALUES ('trk-seed-0092', 'plyknot-org/core', 'Property-level triangulation classifier with phenomenological mass formula (plyknot/prototypes/graduation_classifier.py)', 'P0', 'done', '2026-04-21', 18, 'seed');
INSERT INTO tracker_issues (id, theme_id, title, priority, status, target_date, sort_order, created_by) VALUES ('trk-seed-0093', 'plyknot-org/core', 'Speciation cascade bug fix (detector falls through k=4 rejection instead of trying k=2)', 'P0', 'done', '2026-04-21', 19, 'seed');
INSERT INTO tracker_issues (id, theme_id, title, priority, status, target_date, sort_order, created_by) VALUES ('trk-seed-0094', 'plyknot-org/core', 'Structural-footprint PCA embedder with three projection modes', 'P0', 'done', '2026-04-21', 20, 'seed');
INSERT INTO tracker_issues (id, theme_id, title, priority, status, target_date, sort_order, created_by) VALUES ('trk-seed-0095', 'plyknot-org/core', 'Test 2: Operational triangulation on 56-entity registry — PARTIAL VALIDATION (property-level refinement; 318 pairs; mass range 0.000–7.784)', 'P0', 'done', '2026-04-21', 21, 'seed');
INSERT INTO tracker_issues (id, theme_id, title, priority, status, target_date, sort_order, created_by) VALUES ('trk-seed-0096', 'plyknot-org/core', 'Tier-aware ingestion pipeline implementation (paper-type classification + per-tier routing + Epistemic Canvas coupling schema)', 'P0', 'done', '2026-06-15', 22, 'seed');
INSERT INTO tracker_issues (id, theme_id, title, priority, status, target_date, sort_order, created_by) VALUES ('trk-seed-0097', 'plyknot-org/core', 'POST /v1/dependencies closed: returns 501, vocabulary is Python-canonical — DONE', 'P1', 'done', '2026-05-07', 23, 'seed');
INSERT INTO tracker_issues (id, theme_id, title, priority, status, target_date, sort_order, created_by) VALUES ('trk-seed-0098', 'plyknot-org/core', 'Within-vendor Dark Matter node declaration: extend depends structure in plyknot/ to include Anthropic_BPE_Vocabulary, Constitutional_AI_Alignment, Anthropic_RLHF_Corpus, and parallel nodes for OpenAI and Google families', 'P1', 'done', '2026-05-31', 24, 'seed');
INSERT INTO tracker_issues (id, theme_id, title, priority, status, target_date, sort_order, created_by) VALUES ('trk-seed-0099', 'plyknot-org/hub', 'Deploy Hub to plyknot.org (wrangler d1 create, set secrets, deploy)', 'P0', 'done', '2026-04-21', 0, 'seed');
INSERT INTO tracker_issues (id, theme_id, title, priority, status, target_date, sort_order, created_by) VALUES ('trk-seed-0100', 'plyknot-org/hub', 'Deploy Hub with 46-protein echo chamber data', 'P0', 'done', '2026-04-30', 1, 'seed');
INSERT INTO tracker_issues (id, theme_id, title, priority, status, target_date, sort_order, created_by) VALUES ('trk-seed-0101', 'plyknot-org/hub', 'Tag v1.0-wrapper release across repos + CHANGELOG', 'P0', 'todo', '2026-04-21', 2, 'seed');
INSERT INTO tracker_issues (id, theme_id, title, priority, status, target_date, sort_order, created_by) VALUES ('trk-seed-0102', 'plyknot-org/hub', 'Write v1.0 API contract document (docs/hub-api-v1.md, 17 endpoints)', 'P0', 'todo', '2026-04-22', 3, 'seed');
INSERT INTO tracker_issues (id, theme_id, title, priority, status, target_date, sort_order, created_by) VALUES ('trk-seed-0103', 'plyknot-org/hub', 'arXiv preprint (cs.HC) — update implementation section to cite wrapper + running hub', 'P0', 'todo', '2026-06-15', 4, 'seed');
INSERT INTO tracker_issues (id, theme_id, title, priority, status, target_date, sort_order, created_by) VALUES ('trk-seed-0104', 'plyknot-org/hub', 'Add rebuild-d1.yml GitHub Action to universe/.github/workflows/', 'P1', 'todo', '2026-04-25', 5, 'seed');
INSERT INTO tracker_issues (id, theme_id, title, priority, status, target_date, sort_order, created_by) VALUES ('trk-seed-0105', 'plyknot-org/hub', 'Add smoke-test assertion to Rebuild Hub D1 workflow (SELECT COUNT after seed)', 'P1', 'todo', '2026-04-25', 6, 'seed');
INSERT INTO tracker_issues (id, theme_id, title, priority, status, target_date, sort_order, created_by) VALUES ('trk-seed-0106', 'plyknot-org/hub', 'Automated re-test infrastructure: GitHub Action running benchmark on monthly schedule + vendor model-list trigger', 'P1', 'todo', '2026-11-30', 7, 'seed');
INSERT INTO tracker_issues (id, theme_id, title, priority, status, target_date, sort_order, created_by) VALUES ('trk-seed-0107', 'plyknot-org/hub', 'Google Colab tutorial: Ingest your first measurement into Plyknot (uses HubClient)', 'P1', 'todo', '2026-06-22', 8, 'seed');
INSERT INTO tracker_issues (id, theme_id, title, priority, status, target_date, sort_order, created_by) VALUES ('trk-seed-0108', 'plyknot-org/hub', 'Update wrapper-architecture.md: distinguish measurement data vs vocabulary mirror flows', 'P1', 'todo', '2026-04-25', 9, 'seed');
INSERT INTO tracker_issues (id, theme_id, title, priority, status, target_date, sort_order, created_by) VALUES ('trk-seed-0109', 'plyknot-org/hub', 'Web explorer: add mechanism endpoint views (echo-chambers, speciation, marker-passing)', 'P1', 'todo', '2026-05-31', 10, 'seed');
INSERT INTO tracker_issues (id, theme_id, title, priority, status, target_date, sort_order, created_by) VALUES ('trk-seed-0110', 'plyknot-org/hub', 'GITHUB_TOKEN PAT expiry calendar reminder (expires 2027-04-17)', 'P2', 'todo', '2026-04-21', 11, 'seed');
INSERT INTO tracker_issues (id, theme_id, title, priority, status, target_date, sort_order, created_by) VALUES ('trk-seed-0111', 'plyknot-org/hub', 'MCP/SSE bridge Worker at mcp.plyknot.org', 'P1', 'todo', '2026-06-30', 12, 'seed');
INSERT INTO tracker_issues (id, theme_id, title, priority, status, target_date, sort_order, created_by) VALUES ('trk-seed-0112', 'plyknot-org/hub', 'Publish @plyknot/mcp to npm for easy MCP setup', 'P1', 'todo', NULL, 13, 'seed');
INSERT INTO tracker_issues (id, theme_id, title, priority, status, target_date, sort_order, created_by) VALUES ('trk-seed-0113', 'plyknot-org/hub', 'Register MCP server on registries (MCP Registry, Smithery, MCP.so, Cursor)', 'P1', 'todo', '2026-08-15', 14, 'seed');
INSERT INTO tracker_issues (id, theme_id, title, priority, status, target_date, sort_order, created_by) VALUES ('trk-seed-0114', 'plyknot-org/hub', 'Wrapper v1.1: mechanism endpoints (4), trust-weight loop, partition validator — DONE', 'P0', 'done', NULL, 15, 'seed');
INSERT INTO tracker_issues (id, theme_id, title, priority, status, target_date, sort_order, created_by) VALUES ('trk-seed-0115', 'plyknot-org/hub', 'Dual-hub query pattern: com hub queries org hub for public data on the fly', 'P1', 'done', NULL, 16, 'seed');
INSERT INTO tracker_issues (id, theme_id, title, priority, status, target_date, sort_order, created_by) VALUES ('trk-seed-0116', 'plyknot-org/hub', 'Factory MCP tools with dual-hub merge', 'P1', 'done', NULL, 17, 'seed');
INSERT INTO tracker_issues (id, theme_id, title, priority, status, target_date, sort_order, created_by) VALUES ('trk-seed-0117', 'plyknot-org/hub', 'Python hub client (HubClient wrapper) — DONE, ship with PyPI release', 'P1', 'done', '2026-05-15', 18, 'seed');
INSERT INTO tracker_issues (id, theme_id, title, priority, status, target_date, sort_order, created_by) VALUES ('trk-seed-0118', 'plyknot-org/website', 'Concept Distance product: web form, API, report generator (prerequisite: tier-aware ingestion)', 'P0', 'todo', '2026-07-31', 0, 'seed');
INSERT INTO tracker_issues (id, theme_id, title, priority, status, target_date, sort_order, created_by) VALUES ('trk-seed-0119', 'plyknot-org/website', 'Web explorer on plyknot.org (convergence heatmap, entity search, crack view)', 'P0', 'todo', '2026-05-31', 1, 'seed');
INSERT INTO tracker_issues (id, theme_id, title, priority, status, target_date, sort_order, created_by) VALUES ('trk-seed-0120', 'plyknot-org/website', 'plyknot.org/llm-comparison landing page: MVP rendering benchmark results in convergence-map visual language', 'P1', 'todo', '2026-10-31', 2, 'seed');
INSERT INTO tracker_issues (id, theme_id, title, priority, status, target_date, sort_order, created_by) VALUES ('trk-seed-0121', 'plyknot-org/website', 'Materials Convergence Dashboard — third domain on plyknot.org', 'P2', 'todo', '2026-12-31', 3, 'seed');
INSERT INTO tracker_issues (id, theme_id, title, priority, status, target_date, sort_order, created_by) VALUES ('trk-seed-0122', 'plyknot-org/website', 'Public vendor-independence methodology page at plyknot.org/llm-comparison/methodology', 'P2', 'todo', '2026-10-31', 4, 'seed');
INSERT INTO tracker_issues (id, theme_id, title, priority, status, target_date, sort_order, created_by) VALUES ('trk-seed-0123', 'plyknot-org/website', 'Concept Distance product specification at docs/product/concept-distance.md', 'P0', 'done', '2026-04-21', 5, 'seed');
INSERT INTO tracker_issues (id, theme_id, title, priority, status, target_date, sort_order, created_by) VALUES ('trk-seed-0124', 'research/canvas-architecture', 'Test 4b: Redesigned Lensing detector in predicate-intensity domain', 'P0', 'todo', '2026-05-07', 0, 'seed');
INSERT INTO tracker_issues (id, theme_id, title, priority, status, target_date, sort_order, created_by) VALUES ('trk-seed-0125', 'research/canvas-architecture', 'Experiment C: Second horizon breach on a different Level 5 concept (stress with cortisol + HRV + self-report)', 'P1', 'todo', '2026-06-15', 1, 'seed');
INSERT INTO tracker_issues (id, theme_id, title, priority, status, target_date, sort_order, created_by) VALUES ('trk-seed-0126', 'research/canvas-architecture', 'Experiment E: Real LLM drift detection across natural model versions', 'P2', 'todo', '2026-08-31', 2, 'seed');
INSERT INTO tracker_issues (id, theme_id, title, priority, status, target_date, sort_order, created_by) VALUES ('trk-seed-0127', 'research/canvas-architecture', 'Heuristic Canvas deferred decision: if Operational Canvas proves insufficient for cognitive-variance dimensional structure, elevate to separate canvas (currently: cognitive variance added as depends attribute on Operational Canvas)', 'P2', 'todo', '2027-06-30', 3, 'seed');
INSERT INTO tracker_issues (id, theme_id, title, priority, status, target_date, sort_order, created_by) VALUES ('trk-seed-0128', 'research/canvas-architecture', 'Experiment D: Fusion detection on historical scientific resolution (W boson mass or Hubble tension)', 'P1', 'todo', '2026-07-31', 4, 'seed');
INSERT INTO tracker_issues (id, theme_id, title, priority, status, target_date, sort_order, created_by) VALUES ('trk-seed-0129', 'research/canvas-architecture', 'Canvas-architecture formal design document at docs/design/canvas-architecture.md (supersedes synthesis doc)', 'P0', 'done', '2026-04-21', 5, 'seed');
INSERT INTO tracker_issues (id, theme_id, title, priority, status, target_date, sort_order, created_by) VALUES ('trk-seed-0130', 'research/canvas-architecture', 'Canvas-as-ontology-layer pedagogical paragraph + deployment plan + Batch 1 patches produced', 'P0', 'done', '2026-04-21', 6, 'seed');
INSERT INTO tracker_issues (id, theme_id, title, priority, status, target_date, sort_order, created_by) VALUES ('trk-seed-0131', 'research/canvas-architecture', 'Experiment B: Phenomenological Fission on TMPRSS2 — STRONG VALIDATION (ΔBIC=39.9; 100% lobe purity; 19.6× crack)', 'P0', 'done', '2026-04-21', 7, 'seed');
INSERT INTO tracker_issues (id, theme_id, title, priority, status, target_date, sort_order, created_by) VALUES ('trk-seed-0132', 'research/canvas-architecture', 'Test 3: Structural embedder / firewall empirical validation — STRONG PARTIAL (3/3 case-sets; firewall 22.5× separation; AlphaFold × ESMFold Jaccard=0.000)', 'P0', 'done', '2026-04-21', 8, 'seed');
INSERT INTO tracker_issues (id, theme_id, title, priority, status, target_date, sort_order, created_by) VALUES ('trk-seed-0133', 'research/canvas-architecture', 'Test 4: Lensing Strain via CFG-blend on numerical extraction — NULL (ceiling effect; known cause; Test 4b queued)', 'P0', 'done', '2026-04-21', 9, 'seed');
INSERT INTO tracker_issues (id, theme_id, title, priority, status, target_date, sort_order, created_by) VALUES ('trk-seed-0134', 'research/canvas-architecture', 'Test 5: Event Horizon transition detection — STRONG VALIDATION (discrete tier jump 0→3 at SAM arrival; phase-change real)', 'P0', 'done', '2026-04-21', 10, 'seed');
INSERT INTO tracker_issues (id, theme_id, title, priority, status, target_date, sort_order, created_by) VALUES ('trk-seed-0135', 'research/canvas-architecture', 'Test 5 retroactive-calibration delta reanalysis — DONE 2026-04-22: delta=0.100 (Haiku 0.40 → SAM 0.50), point-to-point, arousal label corrected', 'P0', 'done', '2026-04-30', 11, 'seed');
INSERT INTO tracker_issues (id, theme_id, title, priority, status, target_date, sort_order, created_by) VALUES ('trk-seed-0136', 'research/experiments', 'Claude-family extraction sweep: EEVR + 30 clinical cases through Opus 4.7, Sonnet 4.6, Haiku 4.5', 'P1', 'todo', '2026-07-22', 0, 'seed');
INSERT INTO tracker_issues (id, theme_id, title, priority, status, target_date, sort_order, created_by) VALUES ('trk-seed-0137', 'research/experiments', 'External-vendor extension: add GPT-4.1, Gemini 2.5, Llama 4 to the benchmark suite', 'P1', 'todo', '2026-07-31', 1, 'seed');
INSERT INTO tracker_issues (id, theme_id, title, priority, status, target_date, sort_order, created_by) VALUES ('trk-seed-0138', 'research/experiments', 'Generate embeddings for all entities + vocabulary (Workers AI)', 'P1', 'todo', '2026-06-15', 2, 'seed');
INSERT INTO tracker_issues (id, theme_id, title, priority, status, target_date, sort_order, created_by) VALUES ('trk-seed-0139', 'research/experiments', 'Hybrid sensitivity dictionary: seed with provenance citations; Layer 3 proposal pool; empirical-validation loop', 'P1', 'todo', '2026-08-15', 3, 'seed');
INSERT INTO tracker_issues (id, theme_id, title, priority, status, target_date, sort_order, created_by) VALUES ('trk-seed-0140', 'research/experiments', 'Expand coupling-map coverage at tiers 0–2 (LLM-only and mixed-substrate entities)', 'P2', 'todo', '2026-09-30', 4, 'seed');
INSERT INTO tracker_issues (id, theme_id, title, priority, status, target_date, sort_order, created_by) VALUES ('trk-seed-0141', 'research/experiments', 'Second-domain replication of signifier-clustering finding (structural biology or clinical extraction)', 'P2', 'todo', '2026-09-30', 5, 'seed');
INSERT INTO tracker_issues (id, theme_id, title, priority, status, target_date, sort_order, created_by) VALUES ('trk-seed-0142', 'research/experiments', 'epistemic_decay_curve per LLM: extract accuracy-vs-publication-date across existing 100-paper pharma run', 'P2', 'todo', '2026-08-31', 6, 'seed');
INSERT INTO tracker_issues (id, theme_id, title, priority, status, target_date, sort_order, created_by) VALUES ('trk-seed-0143', 'research/experiments', 'Literature-tiering architectural reasoning document at docs/synthesis/literature-tiering.md', 'P0', 'done', '2026-04-21', 7, 'seed');
INSERT INTO tracker_issues (id, theme_id, title, priority, status, target_date, sort_order, created_by) VALUES ('trk-seed-0144', 'research/flagship-paper', 'Apply canvas-as-ontology-layer Batch 1 patches manually (flagship + Satellite 3 + design doc)', 'P0', 'todo', '2026-04-30', 0, 'seed');
INSERT INTO tracker_issues (id, theme_id, title, priority, status, target_date, sort_order, created_by) VALUES ('trk-seed-0145', 'research/flagship-paper', 'Experiment A full cross-vendor run (30 papers, flagship models Opus + GPT-5.4 + Gemini-2.5-Pro)', 'P0', 'done', '2026-04-22', 1, 'seed');
INSERT INTO tracker_issues (id, theme_id, title, priority, status, target_date, sort_order, created_by) VALUES ('trk-seed-0146', 'research/flagship-paper', 'Flagship: integrate Q3 prior-art references (Laumann, Shumailov, Naser, GUM, CIPM + 6 more)', 'P0', 'todo', '2026-05-31', 2, 'seed');
INSERT INTO tracker_issues (id, theme_id, title, priority, status, target_date, sort_order, created_by) VALUES ('trk-seed-0147', 'research/flagship-paper', 'bioRxiv preprint (echo chamber finding) — cites arXiv', 'P0', 'todo', '2026-06-21', 3, 'seed');
INSERT INTO tracker_issues (id, theme_id, title, priority, status, target_date, sort_order, created_by) VALUES ('trk-seed-0148', 'research/flagship-paper', 'Flagship final build + integrity check (build-paper.py + bib-diagnostic.py)', 'P1', 'todo', '2026-06-07', 4, 'seed');
INSERT INTO tracker_issues (id, theme_id, title, priority, status, target_date, sort_order, created_by) VALUES ('trk-seed-0149', 'research/flagship-paper', 'LLM-attribute benchmark paper: arXiv cs.CL submission', 'P1', 'todo', '2026-09-15', 5, 'seed');
INSERT INTO tracker_issues (id, theme_id, title, priority, status, target_date, sort_order, created_by) VALUES ('trk-seed-0150', 'research/flagship-paper', 'Satellite 1 CXR: add Laumann/Lakshminarayanan/Ovadia references', 'P1', 'todo', '2026-05-31', 6, 'seed');
INSERT INTO tracker_issues (id, theme_id, title, priority, status, target_date, sort_order, created_by) VALUES ('trk-seed-0151', 'research/flagship-paper', 'Satellite 6: Cross-vendor clustering V1 drafting complete — 3,500–4,000 words for arXiv + short-paper venue', 'P1', 'done', '2026-07-15', 7, 'seed');
INSERT INTO tracker_issues (id, theme_id, title, priority, status, target_date, sort_order, created_by) VALUES ('trk-seed-0152', 'research/flagship-paper', 'Narrative-measurement-divergence satellite paper candidate — decide if separate paper or flagship section', 'P2', 'todo', '2026-12-31', 8, 'seed');
INSERT INTO tracker_issues (id, theme_id, title, priority, status, target_date, sort_order, created_by) VALUES ('trk-seed-0153', 'research/flagship-paper', 'Re-add DOI line to The Code section of flagship', 'P2', 'todo', '2026-06-07', 9, 'seed');
INSERT INTO tracker_issues (id, theme_id, title, priority, status, target_date, sort_order, created_by) VALUES ('trk-seed-0154', 'research/flagship-paper', 'Scale autonomous extraction to arXiv (guided_extraction at scale)', 'P2', 'todo', '2026-12-31', 10, 'seed');
INSERT INTO tracker_issues (id, theme_id, title, priority, status, target_date, sort_order, created_by) VALUES ('trk-seed-0155', 'research/flagship-paper', 'Update satellite stub entries in references.bib as companions ship', 'P2', 'todo', '2026-12-31', 11, 'seed');
INSERT INTO tracker_issues (id, theme_id, title, priority, status, target_date, sort_order, created_by) VALUES ('trk-seed-0156', 'research/flagship-paper', 'BibTeX entries added to references.bib for Q3 prior-art (15 entries) — verify keys and completeness', 'P1', 'done', '2026-04-25', 12, 'seed');
INSERT INTO tracker_issues (id, theme_id, title, priority, status, target_date, sort_order, created_by) VALUES ('trk-seed-0157', 'research/flagship-paper', 'Mint Zenodo DOI on tagged plyknot release', 'P1', 'done', '2026-05-31', 13, 'seed');
INSERT INTO tracker_issues (id, theme_id, title, priority, status, target_date, sort_order, created_by) VALUES ('trk-seed-0158', 'research/llm-benchmark', 'Ground-truth annotation for Opus conservatism post-mortem (domain expert annotates 5–10 Test 1 papers)', 'P0', 'todo', '2026-05-15', 0, 'seed');
INSERT INTO tracker_issues (id, theme_id, title, priority, status, target_date, sort_order, created_by) VALUES ('trk-seed-0159', 'research/llm-benchmark', 'Build attribute-recording harness: module plyknot/instrument_attributes.py producing coupling-map entries on LLM-as-target', 'P1', 'todo', '2026-06-30', 1, 'seed');
INSERT INTO tracker_issues (id, theme_id, title, priority, status, target_date, sort_order, created_by) VALUES ('trk-seed-0160', 'research/llm-benchmark', 'LLM-attribute benchmark paper: short methods paper (3,500–4,500 words)', 'P1', 'todo', '2026-08-31', 2, 'seed');
INSERT INTO tracker_issues (id, theme_id, title, priority, status, target_date, sort_order, created_by) VALUES ('trk-seed-0161', 'research/llm-benchmark', 'Post-mortem on Test 1 null: resolve whether it''s temperature=0-specific, corpus-specific, or mid-tier-specific', 'P1', 'todo', '2026-05-15', 3, 'seed');
INSERT INTO tracker_issues (id, theme_id, title, priority, status, target_date, sort_order, created_by) VALUES ('trk-seed-0162', 'research/llm-benchmark', 'Pre-register Claude-family LLM-benchmark experiment (seed dictionary, attribute entries, predicted divergence)', 'P1', 'todo', '2026-07-07', 4, 'seed');
INSERT INTO tracker_issues (id, theme_id, title, priority, status, target_date, sort_order, created_by) VALUES ('trk-seed-0163', 'research/llm-benchmark', 'Regression test: modify one recorded attribute at runtime and confirm predicted divergence profile changes', 'P1', 'todo', '2026-07-29', 5, 'seed');
INSERT INTO tracker_issues (id, theme_id, title, priority, status, target_date, sort_order, created_by) VALUES ('trk-seed-0164', 'research/llm-benchmark', 'LLM-attribute benchmark paper: journal submission (TACL or ACL)', 'P2', 'todo', '2026-11-30', 6, 'seed');
INSERT INTO tracker_issues (id, theme_id, title, priority, status, target_date, sort_order, created_by) VALUES ('trk-seed-0165', 'research/llm-benchmark', 'Test 1: Within-Claude attribute-based divergence prediction — NULL on predicted axes (1/4 recall); Opus conservatism observed', 'P0', 'done', '2026-04-21', 7, 'seed');
INSERT INTO tracker_issues (id, theme_id, title, priority, status, target_date, sort_order, created_by) VALUES ('trk-seed-0166', 'research/llm-benchmark', 'Test M: Alignment-method epistemic-level-scaling test — PARTIAL (alignment dominates both L0/L1 and L4/L5; no scaling; level-scaling refuted)', 'P1', 'done', '2026-06-15', 8, 'seed');
INSERT INTO tracker_issues (id, theme_id, title, priority, status, target_date, sort_order, created_by) VALUES ('trk-seed-0167', 'research/llm-benchmark', 'Experiment A full (30 pharmaceutical papers, flagship models) — $19.70 pharma ($14.31 initial + $5.39 re-run after truncation fix) + $3.80 bundle + $0.04 pre-screen = $23.54 total. H1 FAIL (5.4pp < 12pp), H2 PASS (87.1%), Mechanism 3a inverted (BPE adds "compound" prefix, p<1e-6), H5 FAIL (bio-seq inverted)', 'P0', 'done', NULL, 9, 'seed');
INSERT INTO tracker_issues (id, theme_id, title, priority, status, target_date, sort_order, created_by) VALUES ('trk-seed-0168', 'research/llm-benchmark', 'Experiment A full pre-screen gate (Haiku prescreening, 60 candidates → 27 pharma + 10 bundle accepted, $0.04 cost)', 'P0', 'done', NULL, 10, 'seed');
INSERT INTO tracker_issues (id, theme_id, title, priority, status, target_date, sort_order, created_by) VALUES ('trk-seed-0169', 'research/llm-benchmark', 'Experiment A full bundle — 10 biological-sequence papers, H5 FAIL (Gemini×cross 89.9% > A×OAI 84.6%, inverted)', 'P0', 'done', NULL, 11, 'seed');
INSERT INTO tracker_issues (id, theme_id, title, priority, status, target_date, sort_order, created_by) VALUES ('trk-seed-0170', 'research/llm-benchmark', 'Experiment A diagnostics: Claude truncation bug (27% of files at 4096 ceiling), value-based matching rule fix (label-based produced 0.0/0.0 artifact), Mechanism 3a inversion confirmed at p<1e-6', 'P0', 'done', NULL, 12, 'seed');
INSERT INTO tracker_issues (id, theme_id, title, priority, status, target_date, sort_order, created_by) VALUES ('trk-seed-0171', 'research/llm-benchmark', 'Satellite 6 V1 paper patch: temporal-axis finding, H1 FAIL framing, Mechanism 3a inversion, §6.5 new section', 'P0', 'done', NULL, 13, 'seed');
INSERT INTO tracker_issues (id, theme_id, title, priority, status, target_date, sort_order, created_by) VALUES ('trk-seed-0172', 'research/protein-pipeline', 'Run ingest-pdb.ts --limit 100 — scale to 100+ proteins', 'P1', 'todo', '2026-05-07', 0, 'seed');
INSERT INTO tracker_issues (id, theme_id, title, priority, status, target_date, sort_order, created_by) VALUES ('trk-seed-0173', 'research/protein-pipeline', 'Scale PDB pipeline to 1,000 proteins (silent, every protein is moat)', 'P1', 'todo', '2026-06-30', 1, 'seed');
INSERT INTO tracker_issues (id, theme_id, title, priority, status, target_date, sort_order, created_by) VALUES ('trk-seed-0174', 'research/protein-pipeline', 'Scale to 5,000+ proteins — automated weekly PDB monitoring', 'P1', 'todo', '2026-09-30', 2, 'seed');
INSERT INTO tracker_issues (id, theme_id, title, priority, status, target_date, sort_order, created_by) VALUES ('trk-seed-0175', 'research/satellite-1-cxr', 'CXR evaluator pipeline (VinDr-CXR ingestion + evaluation + report)', 'P1', 'todo', '2026-09-30', 0, 'seed');
INSERT INTO tracker_issues (id, theme_id, title, priority, status, target_date, sort_order, created_by) VALUES ('trk-seed-0176', 'research/satellite-1-cxr', 'Satellite 1: CXR cracked ground truth V1 (3,630 words) — DRAFTED', 'P1', 'done', '2026-07-31', 1, 'seed');
INSERT INTO tracker_issues (id, theme_id, title, priority, status, target_date, sort_order, created_by) VALUES ('trk-seed-0177', 'research/satellite-2-text', 'Satellite 2 Text-as-sensor: REFRAME — CFG is not novel, contribution is integration into coupling map', 'P0', 'todo', '2026-06-15', 0, 'seed');
INSERT INTO tracker_issues (id, theme_id, title, priority, status, target_date, sort_order, created_by) VALUES ('trk-seed-0178', 'research/satellite-2-text', 'Satellite 4: add Geng/Dagdelen/Swain/Skarlinski/Schmidt prior-art references', 'P0', 'todo', '2026-06-15', 1, 'seed');
INSERT INTO tracker_issues (id, theme_id, title, priority, status, target_date, sort_order, created_by) VALUES ('trk-seed-0179', 'research/satellite-2-text', 'Satellite 2: Text as sensor V1 (4,725 words) — DRAFTED', 'P2', 'done', '2026-09-30', 2, 'seed');
INSERT INTO tracker_issues (id, theme_id, title, priority, status, target_date, sort_order, created_by) VALUES ('trk-seed-0180', 'research/satellite-3-materials', 'Satellite 3 Materials+Pharma: add Laumann correlated-error reference in Discussion', 'P1', 'todo', '2026-05-31', 0, 'seed');
INSERT INTO tracker_issues (id, theme_id, title, priority, status, target_date, sort_order, created_by) VALUES ('trk-seed-0181', 'research/satellite-3-materials', 'Satellite 3: Materials + Pharma V1 (4,070 words) — DRAFTED', 'P1', 'done', '2026-08-31', 1, 'seed');
INSERT INTO tracker_issues (id, theme_id, title, priority, status, target_date, sort_order, created_by) VALUES ('trk-seed-0182', 'research/satellite-4-alphafold', 'Satellite 4 AlphaFold: add adversarial-sequence + NAR comparison + Shumailov + Laumann refs', 'P1', 'todo', '2026-05-31', 0, 'seed');
INSERT INTO tracker_issues (id, theme_id, title, priority, status, target_date, sort_order, created_by) VALUES ('trk-seed-0183', 'research/satellite-4-alphafold', 'Satellite 4: AlphaFold x ESMFold V1 — editorial alignment COMPLETE', 'P1', 'done', '2026-06-15', 1, 'seed');
INSERT INTO tracker_issues (id, theme_id, title, priority, status, target_date, sort_order, created_by) VALUES ('trk-seed-0184', 'research/satellite-5-emergence', 'Satellite 5: Emergence V1 preliminary (5,376 words) — blocked on §3.4 worked case', 'P2', 'doing', '2026-12-31', 0, 'seed');
INSERT INTO tracker_issues (id, theme_id, title, priority, status, target_date, sort_order, created_by) VALUES ('trk-seed-0185', 'research/satellite-5-emergence', 'Satellite 5 blocking research: thermodynamic-bound worked case (gene KO/KD primary)', 'P1', 'todo', '2026-08-15', 1, 'seed');
INSERT INTO tracker_issues (id, theme_id, title, priority, status, target_date, sort_order, created_by) VALUES ('trk-seed-0186', 'research/satellite-5-emergence', 'Continue research: Emergence in the Plyknot Universe (thermodynamic bounds, worked cases)', 'P0', 'todo', NULL, 2, 'seed');
INSERT INTO tracker_issues (id, theme_id, title, priority, status, target_date, sort_order, created_by) VALUES ('trk-seed-0187', 'research/satellite-6', 'Experiment F: Tokenizer-vs-training-data disambiguation (paired corpora with high and low chemical-string density)', 'P0', 'todo', '2026-06-15', 0, 'seed');
INSERT INTO tracker_issues (id, theme_id, title, priority, status, target_date, sort_order, created_by) VALUES ('trk-seed-0188', 'research/satellite-6', 'Satellite 6 V1 apply-notes file matching Satellites 2/3/4 convention', 'P0', 'todo', '2026-05-07', 1, 'seed');
INSERT INTO tracker_issues (id, theme_id, title, priority, status, target_date, sort_order, created_by) VALUES ('trk-seed-0189', 'research/satellite-6', 'Satellite 6 V1 arXiv preprint — gated on patent filing per 37 CFR 1.56', 'P1', 'todo', '2026-06-15', 2, 'seed');
INSERT INTO tracker_issues (id, theme_id, title, priority, status, target_date, sort_order, created_by) VALUES ('trk-seed-0190', 'research/satellite-6', 'Satellite 6 V1 NLP workshop submission (summer 2026 track) or EMNLP (autumn)', 'P1', 'todo', '2026-10-31', 3, 'seed');
INSERT INTO tracker_issues (id, theme_id, title, priority, status, target_date, sort_order, created_by) VALUES ('trk-seed-0191', 'research/satellite-6', 'Satellite 6 second-domain investigation — why biological sequences show inverted Gemini clustering (H5 inversion)', 'P2', 'todo', '2026-09-30', 4, 'seed');
INSERT INTO tracker_issues (id, theme_id, title, priority, status, target_date, sort_order, created_by) VALUES ('trk-seed-0192', 'research/satellite-6', 'Replication of Satellite 6 findings on next-generation models (when available) to characterize temporal-axis evolution', 'P2', 'todo', '2027-06-30', 5, 'seed');
INSERT INTO tracker_issues (id, theme_id, title, priority, status, target_date, sort_order, created_by) VALUES ('trk-seed-0193', 'research/satellite-6', 'Satellite 6 V1 Klas review + two-fix commit (Opus version verification, Abstract/contributions temporal-axis promotion)', 'P0', 'todo', '2026-04-30', 6, 'seed');
INSERT INTO tracker_issues (id, theme_id, title, priority, status, target_date, sort_order, created_by) VALUES ('trk-seed-0194', 'research/satellite-6', 'Satellite 6 V1 full draft (6,571 words) with pilot-data framing + Mechanism 3a/3b split', 'P1', 'done', NULL, 7, 'seed');
INSERT INTO tracker_issues (id, theme_id, title, priority, status, target_date, sort_order, created_by) VALUES ('trk-seed-0195', 'research/satellite-6', 'Satellite 6 V1 Mechanism 3 rewrite (Mechanism 3a contextual-enrichment dominant, p=0.0001)', 'P1', 'done', NULL, 8, 'seed');
INSERT INTO tracker_issues (id, theme_id, title, priority, status, target_date, sort_order, created_by) VALUES ('trk-seed-0196', 'research/satellite-6', 'Satellite 6 V1 patch from flagship replication (H1 FAIL framing, Mechanism 3a inversion, temporal axis)', 'P1', 'done', NULL, 9, 'seed');
INSERT INTO tracker_issues (id, theme_id, title, priority, status, target_date, sort_order, created_by) VALUES ('trk-seed-0197', 'research/satellite-6', 'Canonicalization validation (H1 PASS 95%, H2 PARTIAL, H3 FAIL gap widens)', 'P1', 'done', NULL, 10, 'seed');
INSERT INTO tracker_issues (id, theme_id, title, priority, status, target_date, sort_order, created_by) VALUES ('trk-seed-0198', 'research/satellite-6', 'Extraction-scope analysis — Mechanism 3a identified at p=0.0001', 'P1', 'done', NULL, 11, 'seed');
INSERT INTO tracker_issues (id, theme_id, title, priority, status, target_date, sort_order, created_by) VALUES ('trk-seed-0199', 'research/satellite-6', 'Claude token-truncation bug diagnosis and fix (max_tokens 4096 → 16384)', 'P1', 'done', NULL, 12, 'seed');
INSERT INTO tracker_issues (id, theme_id, title, priority, status, target_date, sort_order, created_by) VALUES ('trk-seed-0200', 'research/satellite-6', 'Satellite-6 scope v3 applied: four-domain disambiguation results, two-mechanism paper structure frozen', '-', 'done', NULL, 13, 'seed');
INSERT INTO tracker_issues (id, theme_id, title, priority, status, target_date, sort_order, created_by) VALUES ('trk-seed-0201', 'research/satellite-6', 'Experiment A pilot (15 papers): Cross-vendor signifier clustering — ENCOURAGING SIGNAL ({Anthropic+OpenAI} at 82–88%; {Google} at 73–80%)', 'P0', 'done', '2026-04-21', 14, 'seed');
INSERT INTO tracker_issues (id, theme_id, title, priority, status, target_date, sort_order, created_by) VALUES ('trk-seed-0202', 'research/satellite-6', 'Satellite 6 scope v1 at docs/papers/satellite-6/scope.md (cross-vendor signifier clustering — training-substrate framing; superseded by v2 after Gemini critique)', 'P0', 'done', '2026-04-21', 15, 'seed');
INSERT INTO tracker_issues (id, theme_id, title, priority, status, target_date, sort_order, created_by) VALUES ('trk-seed-0203', 'research/satellite-6', 'Satellite 6 scope v2 at docs/papers/satellite-6/scope-v2.md (tokenizer architecture disambiguation framing)', 'P0', 'done', '2026-04-21', 16, 'seed');
INSERT INTO tracker_issues (id, theme_id, title, priority, status, target_date, sort_order, created_by) VALUES ('trk-seed-0204', 'research/satellite-6', 'Satellite 6 V1 full draft (6,571 words) — DRAFTED with pilot-data framing + Mechanism 3a/3b split', 'P1', 'done', NULL, 17, 'seed');
INSERT INTO tracker_issues (id, theme_id, title, priority, status, target_date, sort_order, created_by) VALUES ('trk-seed-0205', 'research/satellite-6', 'Canonicalization validation (H1 PASS 95%, H2 PARTIAL 1/20 Gate 2 miss, H3 FAIL gap widens)', 'P1', 'done', NULL, 18, 'seed');
INSERT INTO tracker_issues (id, theme_id, title, priority, status, target_date, sort_order, created_by) VALUES ('trk-seed-0206', 'research/satellite-6', 'Satellite 6 V1 Klas review + two-fix commit (Opus 4.6→4.7 verified, temporal-axis promoted to abstract + contributions) — DONE 2026-04-22', 'P0', 'done', NULL, 19, 'seed');
INSERT INTO tracker_issues (id, theme_id, title, priority, status, target_date, sort_order, created_by) VALUES ('trk-seed-0207', 'ip-legal/company', 'EUIPO SME Fund 2026 voucher application (Voucher 2) — blocked on VAT', 'P0', 'todo', '2026-04-22', 0, 'seed');
INSERT INTO tracker_issues (id, theme_id, title, priority, status, target_date, sort_order, created_by) VALUES ('trk-seed-0208', 'ip-legal/company', 'Register Plyknot EU trademark (Classes 9 + 42) — blocked on SME Fund voucher', 'P1', 'todo', '2026-05-31', 1, 'seed');
INSERT INTO tracker_issues (id, theme_id, title, priority, status, target_date, sort_order, created_by) VALUES ('trk-seed-0209', 'ip-legal/company', 'Skatteverket VAT registration for Solarplexor AB', 'P1', 'done', '2026-04-30', 2, 'seed');
INSERT INTO tracker_issues (id, theme_id, title, priority, status, target_date, sort_order, created_by) VALUES ('trk-seed-0210', 'ip-legal/company', 'Incorporate Swedish AB — Solarplexor AB (orgnr 559520-4230)', 'P0', 'done', '2026-04-15', 3, 'seed');
INSERT INTO tracker_issues (id, theme_id, title, priority, status, target_date, sort_order, created_by) VALUES ('trk-seed-0211', 'ip-legal/patent', 'File patent at PRV + USPTO provisional (claim ladder v6.3, spec v2.1, 35 claims)', 'P0', 'doing', '2026-05-31', 0, 'seed');
INSERT INTO tracker_issues (id, theme_id, title, priority, status, target_date, sort_order, created_by) VALUES ('trk-seed-0212', 'ip-legal/patent', 'Evaluate .com patent surfaces with patent attorney', 'P0', 'todo', NULL, 1, 'seed');
INSERT INTO tracker_issues (id, theme_id, title, priority, status, target_date, sort_order, created_by) VALUES ('trk-seed-0213', 'ip-legal/patent', 'GATE: do not post papers until architectural patent is filed (37 CFR 1.56 compliance)', 'P0', 'todo', '2026-05-31', 2, 'seed');
INSERT INTO tracker_issues (id, theme_id, title, priority, status, target_date, sort_order, created_by) VALUES ('trk-seed-0214', 'ip-legal/patent', 'IDS spreadsheet for USPTO (PTO/SB/08 format, ~20 references)', 'P0', 'todo', '2026-05-07', 3, 'seed');
INSERT INTO tracker_issues (id, theme_id, title, priority, status, target_date, sort_order, created_by) VALUES ('trk-seed-0215', 'ip-legal/patent', 'New Zenodo snapshot with post-implementation code (tag v0.99-patent, new DOI)', 'P0', 'todo', '2026-05-10', 4, 'seed');
INSERT INTO tracker_issues (id, theme_id, title, priority, status, target_date, sort_order, created_by) VALUES ('trk-seed-0216', 'ip-legal/patent', 'Patent figures: 5 drawings (architecture w/ instrument-comparison analyser, trust-weight, vocabulary, ΛCDM example, instrument-comparison flow)', 'P0', 'todo', '2026-05-07', 5, 'seed');
INSERT INTO tracker_issues (id, theme_id, title, priority, status, target_date, sort_order, created_by) VALUES ('trk-seed-0217', 'ip-legal/patent', 'Inventor-to-applicant assignment document (one-page, signed, dated)', 'P0', 'todo', '2026-05-14', 6, 'seed');
INSERT INTO tracker_issues (id, theme_id, title, priority, status, target_date, sort_order, created_by) VALUES ('trk-seed-0218', 'ip-legal/patent', 'Update specification §1 and §6 with new Zenodo DOI before filing', 'P1', 'todo', '2026-05-14', 7, 'seed');
INSERT INTO tracker_issues (id, theme_id, title, priority, status, target_date, sort_order, created_by) VALUES ('trk-seed-0219', 'ip-legal/patent', 'Patent-claim extraction from flagship text', 'P0', 'done', '2026-05-07', 8, 'seed');
INSERT INTO tracker_issues (id, theme_id, title, priority, status, target_date, sort_order, created_by) VALUES ('trk-seed-0220', 'other/grants', 'EIC Accelerator application (up to 2.5M EUR)', 'P1', 'todo', '2026-10-31', 0, 'seed');
INSERT INTO tracker_issues (id, theme_id, title, priority, status, target_date, sort_order, created_by) VALUES ('trk-seed-0221', 'other/grants', 'NGI Zero Commons Fund application (5-150K EUR)', 'P1', 'todo', '2026-06-30', 1, 'seed');
INSERT INTO tracker_issues (id, theme_id, title, priority, status, target_date, sort_order, created_by) VALUES ('trk-seed-0222', 'other/grants', 'CZI Essential Open Source Software application', 'P2', 'todo', '2026-09-30', 2, 'seed');
INSERT INTO tracker_issues (id, theme_id, title, priority, status, target_date, sort_order, created_by) VALUES ('trk-seed-0223', 'other/grants', 'VINNOVA planning grant application (SEK 500K, deadline April 21)', 'P0', 'done', '2026-04-21', 3, 'seed');
INSERT INTO tracker_issues (id, theme_id, title, priority, status, target_date, sort_order, created_by) VALUES ('trk-seed-0224', 'other/infrastructure', 'End-to-end verification run (preview → confirm → PR → merge → rebuild → query)', 'P0', 'todo', '2026-04-21', 0, 'seed');
INSERT INTO tracker_issues (id, theme_id, title, priority, status, target_date, sort_order, created_by) VALUES ('trk-seed-0225', 'other/infrastructure', 'Fix OAuth Client ID typo: 0v → Ov (0v23liGnUF6DS5aUAy1n)', 'P1', 'todo', '2026-04-21', 1, 'seed');
INSERT INTO tracker_issues (id, theme_id, title, priority, status, target_date, sort_order, created_by) VALUES ('trk-seed-0226', 'other/infrastructure', 'Consider transferring OAuth app from aponomy to plyknot org', 'P2', 'todo', '2026-05-31', 2, 'seed');
INSERT INTO tracker_issues (id, theme_id, title, priority, status, target_date, sort_order, created_by) VALUES ('trk-seed-0227', 'other/infrastructure', 'Decide long-term home for plyknot-api stray Worker (empty, unused)', 'P2', 'todo', '2026-05-31', 3, 'seed');
INSERT INTO tracker_issues (id, theme_id, title, priority, status, target_date, sort_order, created_by) VALUES ('trk-seed-0228', 'other/infrastructure', 'Domain-default Dark Matter node taxonomy specification (which domains get which default nodes, granularity per domain)', 'P2', 'todo', '2026-09-30', 4, 'seed');
INSERT INTO tracker_issues (id, theme_id, title, priority, status, target_date, sort_order, created_by) VALUES ('trk-seed-0229', 'other/infrastructure', 'Revoke 2 old OAuth client secrets after ~1 week green operation', 'P2', 'todo', '2026-04-30', 5, 'seed');
INSERT INTO tracker_issues (id, theme_id, title, priority, status, target_date, sort_order, created_by) VALUES ('trk-seed-0230', 'other/infrastructure', 'Verify dev OAuth Client ID (Ov23liSpLv99dy62C12y) for O/0 typo risk', 'P2', 'todo', '2026-04-30', 6, 'seed');
INSERT INTO tracker_issues (id, theme_id, title, priority, status, target_date, sort_order, created_by) VALUES ('trk-seed-0231', 'other/infrastructure', 'Migrate Cloudflare billing/zones from personal to Solarplexor AB', 'P1', 'todo', '2026-12-31', 7, 'seed');
INSERT INTO tracker_issues (id, theme_id, title, priority, status, target_date, sort_order, created_by) VALUES ('trk-seed-0232', 'other/outreach', 'Direct pharma outreach — email 5 comp chem leads with protein-specific data', 'P0', 'todo', '2026-07-07', 0, 'seed');
INSERT INTO tracker_issues (id, theme_id, title, priority, status, target_date, sort_order, created_by) VALUES ('trk-seed-0233', 'other/outreach', 'Bluesky thread: 101 cases where AlphaFold and ESMFold agree and both are wrong', 'P1', 'todo', '2026-06-15', 1, 'seed');
INSERT INTO tracker_issues (id, theme_id, title, priority, status, target_date, sort_order, created_by) VALUES ('trk-seed-0234', 'other/outreach', 'Hacker News Show HN: echo chamber detector for AI protein predictions', 'P1', 'todo', '2026-06-20', 2, 'seed');
INSERT INTO tracker_issues (id, theme_id, title, priority, status, target_date, sort_order, created_by) VALUES ('trk-seed-0235', 'other/outreach', 'Industry-publication pitch: IEEE Spectrum or MIT Technology Review feature on attribute-set LLM prediction', 'P1', 'todo', '2026-12-15', 3, 'seed');
INSERT INTO tracker_issues (id, theme_id, title, priority, status, target_date, sort_order, created_by) VALUES ('trk-seed-0236', 'other/outreach', 'Prepare vendor-outreach brief: one page per vendor (Anthropic, OpenAI, Google, Meta)', 'P1', 'todo', '2026-12-15', 4, 'seed');
INSERT INTO tracker_issues (id, theme_id, title, priority, status, target_date, sort_order, created_by) VALUES ('trk-seed-0237', 'other/outreach', 'Anthropic outreach: introduction through European academic network, offer benchmark citation rights', 'P2', 'todo', '2027-01-31', 5, 'seed');
INSERT INTO tracker_issues (id, theme_id, title, priority, status, target_date, sort_order, created_by) VALUES ('trk-seed-0238', 'other/outreach', 'Google (DeepMind) outreach: through Gemini API / developer relations', 'P2', 'todo', '2027-02-28', 6, 'seed');
INSERT INTO tracker_issues (id, theme_id, title, priority, status, target_date, sort_order, created_by) VALUES ('trk-seed-0239', 'other/outreach', 'Meta (Llama) outreach: through open-source community maintainers', 'P2', 'todo', '2027-03-15', 7, 'seed');
INSERT INTO tracker_issues (id, theme_id, title, priority, status, target_date, sort_order, created_by) VALUES ('trk-seed-0240', 'other/outreach', 'NBIS/SciLifeLab bioinformatics seminar presentation', 'P2', 'todo', '2026-07-31', 8, 'seed');
INSERT INTO tracker_issues (id, theme_id, title, priority, status, target_date, sort_order, created_by) VALUES ('trk-seed-0241', 'other/outreach', 'OpenAI outreach: cold email to developer relations with paper + benchmark links', 'P2', 'todo', '2027-02-28', 9, 'seed');
INSERT INTO tracker_issues (id, theme_id, title, priority, status, target_date, sort_order, created_by) VALUES ('trk-seed-0242', 'other/outreach', 'Wet-lab partnership conversations — Syngene, Aragen, Emerald Cloud Lab', 'P2', 'todo', NULL, 10, 'seed');
INSERT INTO tracker_issues (id, theme_id, title, priority, status, target_date, sort_order, created_by) VALUES ('trk-seed-0243', 'other/outreach', 'nf-core Slack post (#general or #tools)', 'P2', 'todo', '2026-06-22', 11, 'seed');
INSERT INTO tracker_issues (id, theme_id, title, priority, status, target_date, sort_order, created_by) VALUES ('trk-seed-0244', 'other/outreach', 'AstraZeneca outreach — identify and contact Molecular AI / Computational Chemistry lead (Mölndal/Cambridge)', 'P1', 'todo', '2026-06-30', 12, 'seed');
INSERT INTO tracker_issues (id, theme_id, title, priority, status, target_date, sort_order, created_by) VALUES ('trk-seed-0245', 'other/outreach', 'BioArctic outreach — contact CSO or VP Research (small org, direct path)', 'P1', 'todo', '2026-06-30', 13, 'seed');
INSERT INTO tracker_issues (id, theme_id, title, priority, status, target_date, sort_order, created_by) VALUES ('trk-seed-0246', 'other/outreach', 'NBIS/SciLifeLab — formal contact with director for institutional integration as national resource', 'P1', 'todo', '2026-06-30', 14, 'seed');
INSERT INTO tracker_issues (id, theme_id, title, priority, status, target_date, sort_order, created_by) VALUES ('trk-seed-0247', 'other/outreach', 'Sobi outreach — contact CSO or Computational Biology lead (rare disease angle: cracked ground truth)', 'P1', 'todo', '2026-06-30', 15, 'seed');
INSERT INTO tracker_issues (id, theme_id, title, priority, status, target_date, sort_order, created_by) VALUES ('trk-seed-0248', 'other/outreach', 'Talk to 5-10 potential customers (echo chamber paper as opener)', 'P1', 'todo', '2026-07-15', 16, 'seed');
INSERT INTO tracker_issues (id, theme_id, title, priority, status, target_date, sort_order, created_by) VALUES ('trk-seed-0249', 'other/outreach', 'Mia Ekdahl (ex-AZ, Björk Ventures) — request intro to AZ molecular AI / SBDD team', 'P2', 'todo', '2026-05-31', 17, 'seed');
INSERT INTO tracker_issues (id, theme_id, title, priority, status, target_date, sort_order, created_by) VALUES ('trk-seed-0250', 'other/outreach', 'NBIS/SciLifeLab integration (120 bioinformatics experts)', 'P2', 'todo', '2027-06-30', 18, 'seed');
INSERT INTO tracker_issues (id, theme_id, title, priority, status, target_date, sort_order, created_by) VALUES ('trk-seed-0251', 'other/outreach', 'Register for WARA M&L listserv at https://form.typeform.com/to/sSEt6xEy — background signal for Community Day and Summer School announcements', 'P2', 'todo', '2026-05-01', 19, 'seed');
INSERT INTO tracker_issues (id, theme_id, title, priority, status, target_date, sort_order, created_by) VALUES ('trk-seed-0252', 'other/outreach', 'Stage 1 heads-up to Johanna Björklund: short note acknowledging cs.HC endorsement, confirming flagship on track for arXiv June, promise link when live. Relationship touch, not gated on PRV', 'P2', 'todo', '2026-05-10', 20, 'seed');
INSERT INTO tracker_issues (id, theme_id, title, priority, status, target_date, sort_order, created_by) VALUES ('trk-seed-0253', 'other/outreach', 'Stage 2 invited pre-publication read (optional): offer Johanna near-final draft after PRV receipt, before arXiv. ~1-2 week window. Skip if too tight', 'P2', 'todo', '2026-06-10', 21, 'seed');
INSERT INTO tracker_issues (id, theme_id, title, priority, status, target_date, sort_order, created_by) VALUES ('trk-seed-0254', 'other/outreach', 'Stage 3 WARA M&L post-preprint outreach: Hub-listing + Community Day asks. Lead with Satellites 4 and 6 (multimodal / LLM-evaluation). Gated on arXiv + bioRxiv live', 'P2', 'todo', '2026-07-15', 22, 'seed');
INSERT INTO tracker_issues (id, theme_id, title, priority, status, target_date, sort_order, created_by) VALUES ('trk-seed-0255', 'other/outreach', 'Add Johanna Björklund to EIC Accelerator Swedish-ecosystem contacts list as arXiv endorser + WASP research-arena lead. Signal-only, no action now', 'P3', 'todo', '2026-11-01', 23, 'seed');
INSERT INTO tracker_issues (id, theme_id, title, priority, status, target_date, sort_order, created_by) VALUES ('trk-seed-0256', 'other/uncategorized', 'EEVR emotional-arousal entity ingested (4 measurers: LLM + SAM + EDA + PPG)', 'P1', 'done', '2026-04-21', 0, 'seed');
INSERT INTO tracker_issues (id, theme_id, title, priority, status, target_date, sort_order, created_by) VALUES ('trk-seed-0257', 'other/uncategorized', 'ESMFold predictions fetched for 42 proteins via ESM Atlas API', 'P1', 'done', '2026-04-21', 1, 'seed');
INSERT INTO tracker_issues (id, theme_id, title, priority, status, target_date, sort_order, created_by) VALUES ('trk-seed-0258', 'other/uncategorized', 'MCL-1 pharma-binding couplings ingested (6 instruments, 98× echo chamber)', 'P1', 'done', '2026-04-21', 2, 'seed');
INSERT INTO tracker_issues (id, theme_id, title, priority, status, target_date, sort_order, created_by) VALUES ('trk-seed-0259', 'other/uncategorized', 'TMPRSS2 N-0920 binding data ingested (12 measurements, enzyme vs cellular)', 'P1', 'done', '2026-04-21', 3, 'seed');
